Workbook

Sheet 02_Clinical_Risk
V1: =Query2[total_encounter] -> 69987
V2: =overall_readmission!D2/100 -> 0.0898
V3: =V2 - 0.15 -> -0.0602
V4: =ROUND(V1 * V3, 0) -> -4213
A15: Risk score | B15: Patient score | C15: Readmission | D15: Readmission rate% | E15: High-Risk Concentration (Score ≥4)
A16: =patient_risk_scores!A2 -> 0 | B16: =patient_risk_scores!B2 -> 41363 | C16: =patient_risk_scores!C2 -> 3254 | D16: =patient_risk_scores!D2 -> 7.87 | F16: =SUMIFS(patient_risk_scores!B2:B7, patient_risk_scores!A2:A7, ">=4") / SUM(patient_risk_scores!B2:B7) -> 0.00078586023
A17: =patient_risk_scores!A3 -> 1 | B17: =patient_risk_scores!B3 -> 22067 | C17: =patient_risk_scores!C3 -> 2229 | D17: =patient_risk_scores!D3 -> 10.1
A18: =patient_risk_scores!A4 -> 2 | B18: =patient_risk_scores!B4 -> 5697 | C18: =patient_risk_scores!C4 -> 668 | D18: =patient_risk_scores!D4 -> 11.73
A19: =patient_risk_scores!A5 -> 3 | B19: =patient_risk_scores!B5 -> 805 | C19: =patient_risk_scores!C5 -> 125 | D19: =patient_risk_scores!D5 -> 15.53
A20: =patient_risk_scores!A6 -> 4 | B20: =patient_risk_scores!B6 -> 54 | C20: =patient_risk_scores!C6 -> 9 | D20: =patient_risk_scores!D6 -> 16.67
A21: =patient_risk_scores!A7 -> 5 | B21: =patient_risk_scores!B7 -> 1 | C21: =patient_risk_scores!C7 -> 0 | D21: =patient_risk_scores!D7 -> 0

Sheet Utilization_Cost
AD6: =INDEX(average_Healthcare_utilisation!C:C, MATCH("Readmitted (<30 Days)", average_Healthcare_utilisation!A:A, 0)) -> 4.79
AD7: =INDEX(average_Healthcare_utilisation!C:C, MATCH("Not Readmitted", average_Healthcare_utilisation!A:A, 0)) -> 4.22
AD8: =AD6 -AD7 -> 0.57
AD9: =(AD8)*(overall_readmission!A2*(overall_readmission!D2/100)) -> 3582.3546
B10: Estimated Bed-Day Cost : | C10: 1500 | E10: ="🚨 $ " & ROUND(ROUND(AD9 *C11, 0) / 1000000, 2) & " in avoidable costs!" -> 🚨 $ 19249.9 in avoidable costs!
B11: Total Financial Impact : | C11: =ROUND(AD9* C10,0) -> 5373532
B14: LOS Category | C14: Total Encounters | D14: Readmissions | E14: Readmission Rate %
B15: =length_of_stay!A2 -> Short Stay (1-3 Days) | C15: =length_of_stay!B2 -> 35144 | D15: =length_of_stay!C2 -> 2647 | E15: =length_of_stay!D2 -> 7.53
B16: =length_of_stay!A3 -> Moderate Stay (4-7 Days) | C16: =length_of_stay!B3 -> 25075 | D16: =length_of_stay!C3 -> 2486 | E16: =length_of_stay!D3 -> 9.91
B17: =length_of_stay!A4 -> Long Stay (8+ Days) | C17: =length_of_stay!B4 -> 9768 | D17: =length_of_stay!C4 -> 1152 | E17: =length_of_stay!D4 -> 11.79

Sheet stretegic performance
V1: =Query2[total_encounter] -> 69987
V2: =overall_readmission!D2/100 -> 0.0898
V3: =V2 - 0.15 -> -0.0602
V4: =ROUND(V1 * V3, 0) -> -4213
A19: ="EXECUTIVE MANDATE: The hospital is operating " & TEXT(V3, "0.0%") & " relative to the CMS benchmark. Clinical management target: " & TEXT(V4, "#,##0") & " readmissions variance. Priority intervention: " & INDEX(Query4[diagnosis_category], MATCH(MAX(Query4[readmission_rate_pct]), Query4[readmission_rate_pct], 0)) & " (RRI " & TEXT(MAX(Query4[Relative rate index]), "0.00") & "x average)." -> EXECUTIVE MANDATE: The hospital is operating -6.0% relative to the CMS benchmark. Clinical management target: -4,213 readmissions variance. Priority intervention: External/Supplementary (RRI 1.50x average).

Sheet executive_summary
A1: metric | B1: value | C1: context
A2: Overall 30-Day Readmission Rate | B2: 8.98% | C2: Baseline — CMS threshold is 15%
A3: Total Readmissions in Dataset | B3: 6285 | C3: Out of 69,987 total encounters
A4: Highest Risk Age Group | B4: 70 to 80 years | C4: Highest volume AND elevated readmission rate
A5: Patients with 3 or More Prior Inpatient Visits | B5: 896 | C5: 1.3% of all patients
A6: A1C Not Tested Rate | B6: 0% | C6: Basic standard of care severely underperformed
A7: Patients with Insulin Reduced at Discharge | B7: 7324 | C7: Associated with elevated readmission risk
A8: Est. Readmissions Preventable (20% reduction) | B8: 1257 | C8: If targeted interventions achieve 20% reduction in high risk cohorts

Sheet polypharmacy
A1: polypharmacy_group | B1: total_encounters | C1: total_readmissions | D1: readmission_rate_pct
A2: 1-10 Medications (Low) | B2: 19498 | C2: 1423 | D2: 7.3
A3: 11-20 Medications (Moderate) | B3: 35046 | C3: 3246 | D3: 9.26
A4: 21+ Medications (High Polypharmacy) | B4: 15443 | C4: 1616 | D4: 10.46

Sheet overall_readmission
A1: total_encounter | B1: total_readmitted | C1: not_admitted | D1: readmission_rate | E1: non_readmission_rate_pct
A2: 69987 | B2: 6285 | C2: 63702 | D2: 8.98 | E2: 91.02

Sheet age_group_readmission
A1: age_group | B1: age_mid | C1: total_patients | D1: readmissions | E1: readmission_rate_pct
A2: [0-10) | B2: 5 | C2: 153 | D2: 3 | E2: 1.96
A3: [10-20) | B3: 15 | C3: 534 | D3: 26 | E3: 4.87
A4: [20-30) | B4: 25 | C4: 1121 | D4: 83 | E4: 7.4
A5: [30-40) | B5: 35 | C5: 2692 | D5: 188 | E5: 6.98
A6: [40-50) | B6: 45 | C6: 6828 | D6: 506 | E6: 7.41
A7: [50-60) | B7: 55 | C7: 12351 | D7: 880 | E7: 7.12
A8: [60-70) | B8: 65 | C8: 15688 | D8: 1415 | E8: 9.02
A9: [70-80) | B9: 75 | C9: 17749 | D9: 1817 | E9: 10.24
A10: [80-90) | B10: 85 | C10: 11110 | D10: 1199 | E10: 10.79
A11: [90-100) | B11: 95 | C11: 1761 | D11: 168 | E11: 9.54

Sheet prior_inpatient
A1: prior_inpatient_group | B1: number_inpatient | C1: total_patients | D1: readmissions | E1: readmission_rate_pct
A2: 0 prior visits | B2: 0 | C2: 61792 | D2: 5023 | E2: 8.13
A3: 1 prior visit | B3: 1 | C3: 5798 | D3: 747 | E3: 12.88
A4: 2 prior visits | B4: 2 | C4: 1501 | D4: 278 | E4: 18.52
A5: 3 to 5 prior visits | B5: 3 | C5: 463 | D5: 110 | E5: 23.76
A6: 3 to 5 prior visits | B6: 4 | C6: 228 | D6: 54 | E6: 23.68
A7: 3 to 5 prior visits | B7: 5 | C7: 102 | D7: 29 | E7: 28.43
A8: 6 or more prior visits | B8: 6 | C8: 55 | D8: 22 | E8: 40
A9: 6 or more prior visits | B9: 7 | C9: 19 | D9: 9 | E9: 47.37
A10: 6 or more prior visits | B10: 8 | C10: 13 | D10: 3 | E10: 23.08
A11: 6 or more prior visits | B11: 9 | C11: 7 | D11: 3 | E11: 42.86
A12: 6 or more prior visits | B12: 10 | C12: 5 | D12: 4 | E12: 80
A13: 6 or more prior visits | B13: 11 | C13: 2 | D13: 1 | E13: 50

Sheet diagnosis_category
A1: diagnosis_category | B1: total_encounters | C1: readmissions | D1: readmission_rate_pct | E1: readmision rate% | F1: Relative rate index | G1: share of total readmission
A2: External/Supplementary | B2: 919 | C2: 124 | D2: 13.49 | E2: =diagnosis_category!D2:D11 / 100 -> 0.1349 | F2: =Query4[[#This Row],[readmision rate%]]/'stretegic performance'!$V$2 -> 1.5022272 | G2: =diagnosis_category!C2 / SUM(diagnosis_category!$C$2:$C$11) -> 0.019729515
A3: Injury | B3: 4694 | C3: 507 | D3: 10.8 | E3: =diagnosis_category!D3:D12 / 100 -> 0.108 | F3: =Query4[[#This Row],[readmision rate%]]/'stretegic performance'!$V$2 -> 1.2026726 | G3: =diagnosis_category!C3 / SUM(diagnosis_category!$C$2:$C$11) -> 0.080668258
A4: Circulatory | B4: 21389 | C4: 2070 | D4: 9.68 | E4: =diagnosis_category!D4:D13 / 100 -> 0.0968 | F4: =Query4[[#This Row],[readmision rate%]]/'stretegic performance'!$V$2 -> 1.077951 | G4: =diagnosis_category!C4 / SUM(diagnosis_category!$C$2:$C$11) -> 0.32935561
A5: Diabetes | B5: 5748 | C5: 524 | D5: 9.12 | E5: =diagnosis_category!D5:D14 / 100 -> 0.0912 | F5: =Query4[[#This Row],[readmision rate%]]/'stretegic performance'!$V$2 -> 1.0155902 | G5: =diagnosis_category!C5 / SUM(diagnosis_category!$C$2:$C$11) -> 0.083373111
A6: Neoplasms | B6: 2538 | C6: 230 | D6: 9.06 | E6: =diagnosis_category!D6:D15 / 100 -> 0.0906 | F6: =Query4[[#This Row],[readmision rate%]]/'stretegic performance'!$V$2 -> 1.0089087 | G6: =diagnosis_category!C6 / SUM(diagnosis_category!$C$2:$C$11) -> 0.036595068
A7: Genitourinary | B7: 3441 | C7: 309 | D7: 8.98 | E7: =diagnosis_category!D7:D16 / 100 -> 0.0898 | F7: =Query4[[#This Row],[readmision rate%]]/'stretegic performance'!$V$2 -> 1 | G7: =diagnosis_category!C7 / SUM(diagnosis_category!$C$2:$C$11) -> 0.049164678
A8: Other | B8: 11215 | C8: 967 | D8: 8.62 | E8: =diagnosis_category!D8:D17 / 100 -> 0.0862 | F8: =Query4[[#This Row],[readmision rate%]]/'stretegic performance'!$V$2 -> 0.95991091 | G8: =diagnosis_category!C8 / SUM(diagnosis_category!$C$2:$C$11) -> 0.15385839
A9: Musculoskeletal | B9: 4064 | C9: 341 | D9: 8.39 | E9: =diagnosis_category!D9:D18 / 100 -> 0.0839 | F9: =Query4[[#This Row],[readmision rate%]]/'stretegic performance'!$V$2 -> 0.93429844 | G9: =diagnosis_category!C9 / SUM(diagnosis_category!$C$2:$C$11) -> 0.054256165
A10: Digestive | B10: 6488 | C10: 520 | D10: 8.01 | E10: =diagnosis_category!D10:D19 / 100 -> 0.0801 | F10: =Query4[[#This Row],[readmision rate%]]/'stretegic performance'!$V$2 -> 0.89198218 | G10: =diagnosis_category!C10 / SUM(diagnosis_category!$C$2:$C$11) -> 0.082736675
A11: Respiratory | B11: 9491 | C11: 693 | D11: 7.3 | E11: =diagnosis_category!D11:D20 / 100 -> 0.073 | F11: =Query4[[#This Row],[readmision rate%]]/'stretegic performance'!$V$2 -> 0.81291759 | G11: =diagnosis_category!C11 / SUM(diagnosis_category!$C$2:$C$11) -> 0.11026253

Sheet patient_risk_scores
A1: risk_score | B1: patient_count | C1: readmissions | D1: readmission_rate_pct
A2: 0 | B2: 41363 | C2: 3254 | D2: 7.87
A3: 1 | B3: 22067 | C3: 2229 | D3: 10.1
A4: 2 | B4: 5697 | C4: 668 | D4: 11.73
A5: 3 | B5: 805 | C5: 125 | D5: 15.53
A6: 4 | B6: 54 | C6: 9 | D6: 16.67
A7: 5 | B7: 1 | C7: 0 | D7: 0

Sheet discharge_dipositions
A1: disposition_id | B1: disposition_label | C1: total_encounters | D1: readmissions | E1: readmission_rate_pct
A2: 22 | B2: Rehab | C2: 1410 | D2: 372 | E2: 26.38
A3: 5 | B3: Discharged to Other Inpatient Care | C3: 913 | D3: 188 | E3: 20.59
A4: 2 | B4: Discharged to Short-Term Hospital | C4: 1541 | D4: 212 | E4: 13.76
A5: 3 | B5: Discharged to SNF | C5: 8790 | D5: 1180 | E5: 13.42
A6: 4 | B6: Discharged to ICF | C6: 542 | D6: 56 | E6: 10.33
A7: 18 | B7: Other (18) | C7: 2474 | D7: 251 | E7: 10.15
A8: 6 | B8: Discharged to Home Health | C8: 8291 | D8: 791 | E8: 9.54
A9: 7 | B9: Left AMA | C9: 409 | D9: 39 | E9: 9.54
A10: 1 | B10: Discharged to Home | C10: 44320 | D10: 3079 | E10: 6.95
A11: 25 | B11: Not Mapped | C11: 778 | D11: 48 | E11: 6.17
A12: 23 | B12: Long-Term Care Hospital | C12: 260 | D12: 8 | E12: 3.08

Sheet insuline_change_impact
A1: insulin_change | B1: total_encounters | C1: readmissions | D1: readmission_rate_pct
A2: Reduced at Discharge | B2: 7324 | C2: 772 | D2: 10.54
A3: Increased at Discharge | B3: 6777 | C3: 667 | D3: 9.84
A4: Steady (no change) | B4: 21621 | C4: 2003 | D4: 9.26
A5: Not Prescribed | B5: 34265 | C5: 2843 | D5: 8.3

Sheet average_Healthcare_utilisation
A1: readmission_status | B1: total_encounters | C1: avg_length_of_stay_days | D1: avg_lab_procedures | E1: avg_non_lab_procedures | F1: avg_medications_prescribed | G1: avg_prior_visits_total
A2: Readmitted (<30 Days) | B2: 6285 | C2: 4.79 | D2: 44.91 | E2: 1.42 | F2: 16.62 | G2: 0.83
A3: Not Readmitted | B3: 63702 | C3: 4.22 | D3: 42.68 | E3: 1.43 | F3: 15.57 | G3: 0.53

Sheet length_of_stay
A1: los_category | B1: total_encounters | C1: readmissions | D1: readmission_rate_pct
A2: Short Stay (1-3 Days) | B2: 35144 | C2: 2647 | D2: 7.53
A3: Moderate Stay (4-7 Days) | B3: 25075 | C3: 2486 | D3: 9.91
A4: Long Stay (8+ Days) | B4: 9768 | C4: 1152 | D4: 11.79
